metric,value
accuracy,0.8185416666666666
precision,0.7864368677407269
recall,0.8745833333333334
f1_score,0.828171236930361
auc_roc,0.9088168402777778
